release_year,rank_in_year,imdb_rating,mpaa_rating,film_title,film_budget,length_in_min,domestic_distributor,worldwide_gross,domestic_gross,genre_1,genre_2,genre_3,ROI,ROI_ratio,decade,decade_label,budget_category
2019,1,8.5,PG-13,Avengers: Endgame,356000000.0,181,Walt Disney ,2797800564.0,858373000.0,Action,Adventure,Drama,7.858990348314607,7.858990348314607,2010,2010s,Muy Alto (>200M)
2019,2,7.0,PG,The Lion King,260000000.0,118,Walt Disney ,1656943394.0,543638043.0,Animation,Adventure,Drama,6.372859207692308,6.372859207692308,2010,2010s,Muy Alto (>200M)
2019,3,7.2,PG,Frozen II,150000000.0,103,Walt Disney ,1420560456.0,470089732.0,Animation,Adventure,Comedy,9.47040304,9.47040304,2010,2010s,Alto (100-200M)
2019,4,7.6,PG-13,Spider-Man: Far from Home,160000000.0,129,Sony Pictures,1131927996.0,390532085.0,Action,Adventure,Sci-Fi,7.074549975,7.074549975,2010,2010s,Alto (100-200M)
2019,5,6.9,PG-13,Captain Marvel,175000000.0,123,Walt Disney ,1128274794.0,426829839.0,Action,Adventure,Sci-Fi,6.447284537142857,6.447284537142857,2010,2010s,Alto (100-200M)
2019,6,7.9,G,Toy Story 4,200000000.0,100,Walt Disney ,1073394593.0,434038008.0,Animation,Adventure,Comedy,5.366972965,5.366972965,2010,2010s,Alto (100-200M)
2019,7,8.6,R,Joker,55000000.0,122,Warner Bros.,1071030470.0,334830470.0,Crime,Drama,Thriller,19.473281272727274,19.473281272727274,2010,2010s,Medio (50-100M)
2019,8,7.0,PG,Aladdin,183000000.0,128,Walt Disney ,1050693953.0,355559216.0,Adventure,Family,Fantasy,5.741497010928962,5.741497010928962,2010,2010s,Alto (100-200M)
2019,9,6.9,PG-13,Star Wars: Episode IX - The Rise of Skywalker,200000000.0,142,Walt Disney ,1048859152.0,503458989.0,Action,Adventure,Fantasy,5.24429576,5.24429576,2010,2010s,Alto (100-200M)
2019,10,6.5,PG-13,Fast & Furious Presents: Hobbs & Shaw,200000000.0,137,Universal Pictures,758910100.0,173810100.0,Action,Adventure,None,3.7945505,3.7945505,2010,2010s,Alto (100-200M)
2018,1,8.5,PG-13,Avengers: Infinity War,321000000.0,149,Walt Disney ,2048359754.0,678815482.0,Action,Adventure,Sci-Fi,6.381183034267913,6.381183034267913,2010,2010s,Muy Alto (>200M)
2018,2,7.3,PG-13,Black Panther,200000000.0,134,Walt Disney ,1346913161.0,700059566.0,Action,Adventure,Sci-Fi,6.734565805,6.734565805,2010,2010s,Alto (100-200M)
2018,3,6.2,PG-13,Jurassic World: Fallen Kingdom,170000000.0,128,Universal Pictures,1308467944.0,417719760.0,Action,Adventure,Sci-Fi,7.696870258823529,7.696870258823529,2010,2010s,Alto (100-200M)
2018,4,7.7,PG,Incredibles 2,200000000.0,118,Walt Disney ,1242805359.0,608581744.0,Animation,Action,Adventure,6.214026795,6.214026795,2010,2010s,Alto (100-200M)
2018,5,7.0,PG-13,Aquaman,160000000.0,143,Warner Bros.,1148161807.0,335061807.0,Action,Adventure,Fantasy,7.17601129375,7.17601129375,2010,2010s,Alto (100-200M)
2018,6,8.0,PG-13,Bohemian Rhapsody,52000000.0,134,Twentieth Century Fox,903655259.0,216428042.0,Biography,Drama,Music,17.37798575,17.37798575,2010,2010s,Medio (50-100M)
2018,7,6.7,PG-13,Venom,100000000.0,112,Sony Pictures,856085151.0,213515506.0,Action,Sci-Fi,Thriller,8.56085151,8.56085151,2010,2010s,Medio (50-100M)
2018,8,7.8,PG-13,Mission: Impossible - Fallout,178000000.0,147,Paramount Pictures,791115104.0,220159104.0,Action,Adventure,Thriller,4.444466876404494,4.444466876404494,2010,2010s,Alto (100-200M)
2018,9,7.7,R,Deadpool 2,110000000.0,119,Twentieth Century Fox,734546611.0,318491426.0,Action,Adventure,Comedy,6.677696463636364,6.677696463636364,2010,2010s,Alto (100-200M)
2018,10,6.6,PG-13,Fantastic Beasts: The Crimes of Grindelwald,200000000.0,134,Warner Bros.,653755901.0,159555901.0,Adventure,Family,Fantasy,3.268779505,3.268779505,2010,2010s,Alto (100-200M)
2017,1,7.0,PG-13,Star Wars: Episode VIII - The Last Jedi,317000000.0,152,Walt Disney ,1332539889.0,620181382.0,Action,Adventure,Fantasy,4.2035958643533125,4.2035958643533125,2010,2010s,Muy Alto (>200M)
2017,2,7.1,PG,Beauty and the Beast,160000000.0,129,Walt Disney ,1263521126.0,504014165.0,Family,Fantasy,Musical,7.8970070375,7.8970070375,2010,2010s,Alto (100-200M)
2017,3,6.7,PG-13,The Fate of the Furious,250000000.0,136,Universal Pictures,1236005118.0,226008385.0,Action,Adventure,Thriller,4.944020472,4.944020472,2010,2010s,Muy Alto (>200M)
2017,4,6.3,PG,Despicable Me 3,80000000.0,89,Universal Pictures,1034799409.0,264624300.0,Animation,Adventure,Comedy,12.9349926125,12.9349926125,2010,2010s,Medio (50-100M)
2017,5,6.9,PG-13,Jumanji: Welcome to the Jungle,90000000.0,119,Sony Pictures,962077546.0,404515480.0,Action,Adventure,Comedy,10.68975051111111,10.68975051111111,2010,2010s,Medio (50-100M)
2017,6,7.4,PG-13,Spider-Man: Homecoming,175000000.0,133,Sony Pictures,880166924.0,334201140.0,Action,Adventure,Sci-Fi,5.02952528,5.02952528,2010,2010s,Alto (100-200M)
2017,7,6.0,Unknown,Wolf Warrior 2,30100000.0,123,The H Collective,870325439.0,2721100.0,Action,Drama,Thriller,28.914466411960134,28.914466411960134,2010,2010s,Bajo (<50M)
2017,8,7.6,PG-13,Guardians of the Galaxy Vol. 2,200000000.0,136,Walt Disney ,863756051.0,389813101.0,Action,Adventure,Comedy,4.318780255,4.318780255,2010,2010s,Alto (100-200M)
2017,9,7.9,PG-13,Thor: Ragnarok,180000000.0,130,Walt Disney ,853977126.0,315058289.0,Action,Adventure,Comedy,4.7443173666666665,4.7443173666666665,2010,2010s,Alto (100-200M)
2017,10,7.4,PG-13,Wonder Woman,149000000.0,141,Warner Bros.,821847012.0,412563408.0,Action,Adventure,Fantasy,5.5157517583892615,5.5157517583892615,2010,2010s,Alto (100-200M)
2016,1,7.8,PG-13,Captain America: Civil War,250000000.0,147,Walt Disney ,1153296293.0,408084349.0,Action,Adventure,Sci-Fi,4.613185172,4.613185172,2010,2010s,Muy Alto (>200M)
2016,2,7.8,PG-13,Rogue One: A Star Wars Story,200000000.0,133,Walt Disney ,1056057273.0,532177324.0,Action,Adventure,Sci-Fi,5.280286365,5.280286365,2010,2010s,Alto (100-200M)
2016,3,7.3,PG,Finding Dory,200000000.0,97,Walt Disney ,1028570889.0,486295561.0,Animation,Adventure,Comedy,5.142854445,5.142854445,2010,2010s,Alto (100-200M)
2016,4,8.0,PG,Zootopia,150000000.0,108,Walt Disney ,1023784195.0,341268248.0,Animation,Adventure,Comedy,6.825227966666667,6.825227966666667,2010,2010s,Alto (100-200M)
2016,5,7.4,PG,The Jungle Book,175000000.0,106,Walt Disney ,966550600.0,364001123.0,Adventure,Drama,Fantasy,5.523146285714286,5.523146285714286,2010,2010s,Alto (100-200M)
2016,6,6.5,PG,The Secret Life of Pets,75000000.0,87,Universal Pictures,875457937.0,368384330.0,Animation,Adventure,Comedy,11.672772493333333,11.672772493333333,2010,2010s,Medio (50-100M)
2016,7,6.6,PG-13,Fantastic Beasts and Where to Find Them,180000000.0,134,Warner Bros.,814037575.0,234037575.0,Adventure,Family,Fantasy,4.522430972222222,4.522430972222222,2010,2010s,Alto (100-200M)
2016,8,8.0,R,Deadpool ,58000000.0,108,Twentieth Century Fox,782612155.0,363070709.0,Action,Adventure,Comedy,13.493313017241379,13.493313017241379,2010,2010s,Medio (50-100M)
2016,9,6.0,PG-13,Suicide Squad,175000000.0,123,Warner Bros.,746846894.0,325100054.0,Action,Adventure,Fantasy,4.267696537142857,4.267696537142857,2010,2010s,Alto (100-200M)
2016,10,7.5,PG-13,Doctor Strange,165000000.0,115,Walt Disney ,677718395.0,232641920.0,Action,Adventure,Fantasy,4.107384212121212,4.107384212121212,2010,2010s,Alto (100-200M)
2015,1,7.9,PG-13,Star Wars: Episode VII - The Force Awakens,245000000.0,138,Walt Disney ,2068223624.0,936662225.0,Action,Adventure,Sci-Fi,8.44172907755102,8.44172907755102,2010,2010s,Muy Alto (>200M)
2015,2,7.0,PG-13,Jurassic World,150000000.0,124,Universal Pictures,1670400637.0,652270625.0,Action,Adventure,Sci-Fi,11.136004246666667,11.136004246666667,2010,2010s,Alto (100-200M)
2015,3,7.2,PG-13,Furious 7,190000000.0,137,Universal Pictures,1515047671.0,353007020.0,Action,Adventure,Thriller,7.973935110526316,7.973935110526316,2010,2010s,Alto (100-200M)
2015,4,7.3,PG-13,Avengers: Age of Ultron,250000000.0,141,Walt Disney ,1402805868.0,459005868.0,Action,Adventure,Sci-Fi,5.611223472,5.611223472,2010,2010s,Muy Alto (>200M)
2015,5,6.4,PG,Minions,74000000.0,91,Universal Pictures,1159398397.0,336045770.0,Animation,Adventure,Comedy,15.667545905405406,15.667545905405406,2010,2010s,Medio (50-100M)
2015,6,6.8,PG-13,Spectre,245000000.0,148,Sony Pictures,880674609.0,200074609.0,Action,Adventure,Thriller,3.5945902408163266,3.5945902408163266,2010,2010s,Muy Alto (>200M)
2015,7,6.5,PG-13,Batman v Superman: Dawn of Justice,250000000.0,151,Warner Bros.,873634919.0,330360194.0,Action,Adventure,Sci-Fi,3.494539676,3.494539676,2010,2010s,Muy Alto (>200M)
2015,8,8.2,PG,Inside Out,175000000.0,95,Walt Disney ,857611174.0,356461711.0,Animation,Adventure,Comedy,4.90063528,4.90063528,2010,2010s,Alto (100-200M)
2015,9,7.4,PG-13,Mission: Impossible - Rogue Nation,150000000.0,131,Paramount Pictures,682714267.0,195042377.0,Action,Adventure,Thriller,4.551428446666667,4.551428446666667,2010,2010s,Alto (100-200M)
2015,10,6.5,PG-13,The Hunger Games: Mockingjay - Part 2,160000000.0,137,Lionsgate,658344137.0,281723902.0,Action,Adventure,Sci-Fi,4.11465085625,4.11465085625,2010,2010s,Alto (100-200M)
2014,1,5.6,PG-13,Transformers: Age of Extinction,210000000.0,165,Paramount Pictures,1104054072.0,245439076.0,Action,Adventure,Sci-Fi,5.257400342857143,5.257400342857143,2010,2010s,Muy Alto (>200M)
2014,2,7.4,PG-13,The Hobbit: The Battle of the Five Armies,250000000.0,144,Warner Bros.,956019788.0,255119788.0,Adventure,Fantasy,None,3.824079152,3.824079152,2010,2010s,Muy Alto (>200M)
2014,3,8.0,PG-13,Guardians of the Galaxy,170000000.0,121,Walt Disney ,772776600.0,333176600.0,Action,Adventure,Comedy,4.545744705882353,4.545744705882353,2010,2010s,Alto (100-200M)
2014,4,7.0,PG,Maleficent,180000000.0,97,Walt Disney ,758410378.0,241410378.0,Action,Adventure,Fantasy,4.2133909888888885,4.2133909888888885,2010,2010s,Alto (100-200M)
2014,5,6.6,PG-13,The Hunger Games: Mockingjay - Part 1,125000000.0,123,Lionsgate,755356711.0,337135885.0,Action,Adventure,Sci-Fi,6.042853688,6.042853688,2010,2010s,Alto (100-200M)
2014,6,8.0,PG-13,X-Men: Days of Future Past,200000000.0,132,Twentieth Century Fox,746045700.0,233921534.0,Action,Adventure,Sci-Fi,3.7302285,3.7302285,2010,2010s,Alto (100-200M)
2014,7,7.7,PG-13,Captain America: The Winter Soldier,170000000.0,136,Walt Disney ,714421503.0,259766572.0,Action,Adventure,Sci-Fi,4.202479429411765,4.202479429411765,2010,2010s,Alto (100-200M)
2014,8,7.6,PG-13,Dawn of the Planet of the Apes,170000000.0,130,Twentieth Century Fox,710644566.0,208545589.0,Action,Adventure,Drama,4.180262152941176,4.180262152941176,2010,2010s,Alto (100-200M)
2014,9,6.6,PG-13,The Amazing Spider-Man 2,200000000.0,142,Sony Pictures,708982323.0,202853933.0,Action,Adventure,Sci-Fi,3.544911615,3.544911615,2010,2010s,Alto (100-200M)
2014,10,8.6,PG-13,Interstellar,165000000.0,169,Paramount Pictures,677463813.0,188020017.0,Adventure,Drama,Sci-Fi,4.105841290909091,4.105841290909091,2010,2010s,Alto (100-200M)
2013,1,7.5,PG,Frozen ,150000000.0,102,Walt Disney ,1280802282.0,400738009.0,Animation,Adventure,Comedy,8.53868188,8.53868188,2010,2010s,Alto (100-200M)
2013,2,7.2,PG-13,Iron Man 3,200000000.0,130,Walt Disney ,1214811252.0,409013994.0,Action,Adventure,Sci-Fi,6.07405626,6.07405626,2010,2010s,Alto (100-200M)
2013,3,7.3,PG,Despicable Me 2,76000000.0,98,Universal Pictures,970766005.0,368065385.0,Animation,Adventure,Comedy,12.773236907894736,12.773236907894736,2010,2010s,Medio (50-100M)
2013,4,7.8,PG-13,The Hobbit: The Desolation of Smaug,225000000.0,161,Warner Bros.,958366855.0,258366855.0,Adventure,Fantasy,None,4.259408244444445,4.259408244444445,2010,2010s,Muy Alto (>200M)
2013,5,7.5,PG-13,The Hunger Games: Catching Fire,130000000.0,146,Lionsgate,865011746.0,424668047.0,Action,Adventure,Sci-Fi,6.653936507692308,6.653936507692308,2010,2010s,Alto (100-200M)
2013,6,7.1,PG-13,Fast & Furious 6,160000000.0,130,Universal Pictures,788679850.0,238679850.0,Action,Adventure,Thriller,4.9292490625,4.9292490625,2010,2010s,Alto (100-200M)
2013,7,7.3,G,Monsters University,200000000.0,104,Walt Disney ,743559607.0,268492764.0,Animation,Adventure,Comedy,3.717798035,3.717798035,2010,2010s,Alto (100-200M)
2013,8,7.7,PG-13,Gravity,100000000.0,91,Warner Bros.,723192705.0,274092705.0,Drama,Sci-Fi,Thriller,7.23192705,7.23192705,2010,2010s,Medio (50-100M)
2013,9,7.1,PG-13,Man of Steel,225000000.0,143,Warner Bros.,668045518.0,291045518.0,Action,Adventure,Sci-Fi,2.969091191111111,2.969091191111111,2010,2010s,Muy Alto (>200M)
2013,10,6.9,PG-13,Thor: The Dark World,170000000.0,112,Walt Disney ,644783140.0,206362140.0,Action,Adventure,Fantasy,3.792842,3.792842,2010,2010s,Alto (100-200M)
2012,1,8.0,PG-13,The Avengers,220000000.0,143,Walt Disney ,1518812988.0,623357910.0,Action,Adventure,Sci-Fi,6.9036954,6.9036954,2010,2010s,Muy Alto (>200M)
2012,2,7.7,PG-13,Skyfall,200000000.0,143,Sony Pictures,1108561013.0,304360277.0,Action,Adventure,Thriller,5.542805065,5.542805065,2010,2010s,Alto (100-200M)
2012,3,8.4,PG-13,The Dark Knight Rises,250000000.0,164,Warner Bros.,1081041287.0,448139099.0,Action,Adventure,Thriller,4.324165148,4.324165148,2010,2010s,Muy Alto (>200M)
2012,4,7.8,PG-13,The Hobbit: An Unexpected Journey,180000000.0,169,Warner Bros.,1017003568.0,303003568.0,Adventure,Family,Fantasy,5.650019822222222,5.650019822222222,2010,2010s,Alto (100-200M)
2012,5,6.6,PG,Ice Age: Continental Drift,95000000.0,88,Twentieth Century Fox,877244782.0,161321843.0,Animation,Adventure,Comedy,9.2341556,9.2341556,2010,2010s,Medio (50-100M)
2012,6,5.5,PG-13,The Twilight Saga: Breaking Dawn - Part 2,120000000.0,115,Lionsgate,829746820.0,292324737.0,Adventure,Drama,Fantasy,6.914556833333333,6.914556833333333,2010,2010s,Alto (100-200M)
2012,7,6.9,PG-13,The Amazing Spider-Man,230000000.0,136,Sony Pictures,757930663.0,262030663.0,Action,Sci-Fi,None,3.2953507086956524,3.2953507086956524,2010,2010s,Muy Alto (>200M)
2012,8,6.8,PG,Madagascar 3: Europe's Most Wanted,145000000.0,93,DreamWorks,746921274.0,216391482.0,Animation,Adventure,Comedy,5.1511812,5.1511812,2010,2010s,Alto (100-200M)
2012,9,7.2,PG-13,The Hunger Games,78000000.0,142,Lionsgate,694394724.0,408010692.0,Action,Adventure,Sci-Fi,8.902496461538462,8.902496461538462,2010,2010s,Medio (50-100M)
2012,10,6.8,PG-13,Men in Black 3,225000000.0,106,Sony Pictures,624026776.0,179020854.0,Action,Adventure,Comedy,2.773452337777778,2.773452337777778,2010,2010s,Muy Alto (>200M)
2011,1,8.1,PG-13,Harry Potter and the Deathly Hallows: Part 2,125000000.0,130,Warner Bros.,1341511219.0,381011219.0,Adventure,Drama,Fantasy,10.732089752,10.732089752,2010,2010s,Alto (100-200M)
2011,2,6.2,PG-13,Transformers: Dark of the Moon,195000000.0,154,Paramount Pictures,1123794079.0,352390543.0,Action,Adventure,Sci-Fi,5.763046558974359,5.763046558974359,2010,2010s,Alto (100-200M)
2011,3,6.6,PG-13,Pirates of the Caribbean: On Stranger Tides,250000000.0,136,Walt Disney ,1045713802.0,241071802.0,Action,Adventure,Fantasy,4.182855208,4.182855208,2010,2010s,Muy Alto (>200M)
2011,4,4.9,PG-13,The Twilight Saga: Breaking Dawn - Part 1,110000000.0,117,Summit Entertainment,712205856.0,281287133.0,Action,Adventure,Drama,6.474598690909091,6.474598690909091,2010,2010s,Alto (100-200M)
2011,5,7.4,PG-13,Mission: Impossible - Ghost Protocol,145000000.0,132,Paramount Pictures,694713380.0,209397903.0,Action,Adventure,Thriller,4.79112675862069,4.79112675862069,2010,2010s,Alto (100-200M)
2011,6,7.2,PG,Kung Fu Panda 2,150000000.0,90,DreamWorks,665692281.0,165249063.0,Animation,Action,Adventure,4.43794854,4.43794854,2010,2010s,Alto (100-200M)
2011,7,7.3,PG-13,Fast Five,125000000.0,130,Universal Pictures,626137675.0,209837675.0,Action,Adventure,Thriller,5.0091014,5.0091014,2010,2010s,Alto (100-200M)
2011,8,6.4,R,The Hangover Part II,80000000.0,102,Warner Bros.,586764305.0,254464305.0,Comedy,None,None,7.3345538125,7.3345538125,2010,2010s,Medio (50-100M)
2011,9,5.4,PG,The Smurfs,110000000.0,103,Sony Pictures,563749323.0,142614158.0,Adventure,Comedy,Family,5.124993845454545,5.124993845454545,2010,2010s,Alto (100-200M)
2011,10,6.1,G,Cars 2,200000000.0,106,Walt Disney ,559852396.0,191452396.0,Animation,Adventure,Comedy,2.79926198,2.79926198,2010,2010s,Alto (100-200M)
2010,1,8.3,G,Toy Story 3,200000000.0,103,Walt Disney ,1066969703.0,415004880.0,Animation,Adventure,Comedy,5.334848515,5.334848515,2010,2010s,Alto (100-200M)
2010,2,6.4,PG,Alice in Wonderland,200000000.0,108,Walt Disney ,1025467110.0,334191110.0,Adventure,Family,Fantasy,5.12733555,5.12733555,2010,2010s,Alto (100-200M)
2010,3,7.7,PG-13,Harry Potter and the Deathly Hallows: Part 1,125000000.0,146,Warner Bros.,976536918.0,295983305.0,Adventure,Family,Fantasy,7.812295344,7.812295344,2010,2010s,Alto (100-200M)
2010,4,8.8,PG-13,Inception,160000000.0,148,Warner Bros.,828322032.0,292576195.0,Action,Adventure,Sci-Fi,5.1770127,5.1770127,2010,2010s,Alto (100-200M)
2010,5,6.3,PG,Shrek Forever After,165000000.0,93,DreamWorks,752600867.0,238736787.0,Animation,Adventure,Comedy,4.561217375757575,4.561217375757575,2010,2010s,Alto (100-200M)
2010,6,5.0,PG-13,The Twilight Saga: Eclipse,68000000.0,124,Summit Entertainment,698491347.0,300531751.0,Action,Drama,Fantasy,10.271931573529411,10.271931573529411,2010,2010s,Medio (50-100M)
2010,7,7.0,PG-13,Iron Man 2,200000000.0,124,Paramount Pictures,623933331.0,312433331.0,Action,Adventure,Sci-Fi,3.119666655,3.119666655,2010,2010s,Alto (100-200M)
2010,8,7.7,PG,Tangled,260000000.0,100,Walt Disney ,593171580.0,200821936.0,Animation,Adventure,Comedy,2.2814291538461537,2.2814291538461537,2010,2010s,Muy Alto (>200M)
2010,9,7.6,PG,Despicable Me,69000000.0,95,Universal Pictures,543113985.0,251513985.0,Animation,Comedy,Family,7.871217173913044,7.871217173913044,2010,2010s,Medio (50-100M)
2010,10,8.1,PG,How to Train Your Dragon,165000000.0,98,DreamWorks,494878759.0,217581231.0,Animation,Action,Adventure,2.999265206060606,2.999265206060606,2010,2010s,Alto (100-200M)
2009,1,7.8,PG-13,Avatar,237000000.0,162,Twentieth Century Fox,2744336793.0,749766139.0,Action,Adventure,Fantasy,11.579480139240506,11.579480139240506,2000,2000s,Muy Alto (>200M)
2009,2,7.6,PG,Harry Potter and the Half-Blood Prince,250000000.0,153,Warner Bros.,933959197.0,301959197.0,Action,Adventure,Family,3.735836788,3.735836788,2000,2000s,Muy Alto (>200M)
2009,3,6.9,PG,Ice Age: Dawn of the Dinosaurs,90000000.0,94,Twentieth Century Fox,886686817.0,196573705.0,Animation,Adventure,Comedy,9.852075744444445,9.852075744444445,2000,2000s,Medio (50-100M)
2009,4,6.0,PG-13,Transformers: Revenge of the Fallen,200000000.0,150,DreamWorks,836303693.0,402111870.0,Action,Adventure,Sci-Fi,4.181518465,4.181518465,2000,2000s,Alto (100-200M)
2009,5,5.8,PG-13,2012,200000000.0,158,Sony Pictures,769679473.0,166112167.0,Action,Adventure,Sci-Fi,3.848397365,3.848397365,2000,2000s,Alto (100-200M)
2009,6,8.2,PG,Up,175000000.0,96,Walt Disney ,735099082.0,293004164.0,Animation,Adventure,Comedy,4.200566182857143,4.200566182857143,2000,2000s,Alto (100-200M)
2009,7,4.7,PG-13,The Twilight Saga: New Moon,50000000.0,130,Summit Entertainment,709827462.0,296623634.0,Adventure,Drama,Fantasy,14.19654924,14.19654924,2000,2000s,Bajo (<50M)
2009,8,7.6,PG-13,Sherlock Holmes,90000000.0,128,Warner Bros.,524028679.0,209028679.0,Action,Adventure,Crime,5.822540877777778,5.822540877777778,2000,2000s,Medio (50-100M)
2009,9,6.7,PG-13,Angels & Demons,150000000.0,138,Sony Pictures,485930816.0,133375846.0,Action,Mystery,Thriller,3.2395387733333334,3.2395387733333334,2000,2000s,Alto (100-200M)
2009,10,7.7,R,The Hangover ,35000000.0,100,Warner Bros.,468812793.0,277322503.0,Comedy,None,None,13.394651228571428,13.394651228571428,2000,2000s,Bajo (<50M)
2008,1,9.0,PG-13,The Dark Knight,185000000.0,152,Warner Bros.,1003045358.0,533345358.0,Action,Crime,Drama,5.4218668,5.4218668,2000,2000s,Alto (100-200M)
2008,2,6.1,PG-13,Indiana Jones and the Kingdom of the Crystal Skull,185000000.0,122,Paramount Pictures,790653942.0,317101119.0,Action,Adventure,None,4.273805091891892,4.273805091891892,2000,2000s,Alto (100-200M)
2008,3,7.5,PG,Kung Fu Panda,130000000.0,92,DreamWorks,631744560.0,215434591.0,Animation,Action,Adventure,4.859573538461539,4.859573538461539,2000,2000s,Alto (100-200M)
2008,4,6.4,PG-13,Hancock,150000000.0,92,Sony Pictures,629443428.0,227946274.0,Action,Fantasy,None,4.19628952,4.19628952,2000,2000s,Alto (100-200M)
2008,5,6.4,PG-13,Mamma Mia!,52000000.0,108,Universal Pictures,609841637.0,144130063.0,Comedy,Musical,Romance,11.727723788461539,11.727723788461539,2000,2000s,Medio (50-100M)
2008,6,6.6,PG,Madagascar: Escape 2 Africa,150000000.0,89,DreamWorks,603900354.0,180010950.0,Animation,Adventure,Comedy,4.02600236,4.02600236,2000,2000s,Alto (100-200M)
2008,7,6.6,PG-13,Quantum of Solace,200000000.0,106,Sony Pictures,589580482.0,168368427.0,Action,Adventure,Thriller,2.94790241,2.94790241,2000,2000s,Alto (100-200M)
2008,8,7.9,PG-13,Iron Man ,140000000.0,126,Paramount Pictures,585366247.0,318604126.0,Action,Adventure,Sci-Fi,4.181187478571428,4.181187478571428,2000,2000s,Alto (100-200M)
2008,9,8.4,G,WALLÂ·E,180000000.0,98,Walt Disney ,521311860.0,223808164.0,Animation,Adventure,Family,2.896177,2.896177,2000,2000s,Alto (100-200M)
2008,10,6.5,PG,The Chronicles of Narnia: Prince Caspian,225000000.0,150,Walt Disney ,419665568.0,141621490.0,Action,Adventure,Family,1.8651803022222222,1.8651803022222222,2000,2000s,Muy Alto (>200M)
2007,1,7.1,PG-13,Pirates of the Caribbean: At World's End,300000000.0,169,Walt Disney ,960996492.0,309420425.0,Action,Adventure,Fantasy,3.20332164,3.20332164,2000,2000s,Muy Alto (>200M)
2007,2,7.5,PG-13,Harry Potter and the Order of the Phoenix,150000000.0,138,Warner Bros.,941676843.0,292004738.0,Action,Adventure,Family,6.27784562,6.27784562,2000,2000s,Alto (100-200M)
2007,3,6.2,PG-13,Spider-Man 3,258000000.0,139,Sony Pictures,894983373.0,336530303.0,Action,Sci-Fi,None,3.4689278023255814,3.4689278023255814,2000,2000s,Muy Alto (>200M)
2007,4,6.0,PG,Shrek the Third,160000000.0,93,DreamWorks,813367380.0,322719944.0,Animation,Adventure,Comedy,5.083546125,5.083546125,2000,2000s,Alto (100-200M)
2007,5,7.0,PG-13,Transformers,150000000.0,144,DreamWorks,709709780.0,319246193.0,Action,Adventure,Sci-Fi,4.7313985333333335,4.7313985333333335,2000,2000s,Alto (100-200M)
2007,6,8.0,G,Ratatouille,150000000.0,111,Walt Disney ,623726085.0,206445654.0,Animation,Adventure,Comedy,4.1581739,4.1581739,2000,2000s,Alto (100-200M)
2007,7,7.2,PG-13,I Am Legend,150000000.0,101,Warner Bros.,585410052.0,256393010.0,Adventure,Drama,Sci-Fi,3.90273368,3.90273368,2000,2000s,Alto (100-200M)
2007,8,7.3,PG-13,The Simpsons Movie,75000000.0,87,Twentieth Century Fox,536414270.0,183135014.0,Animation,Adventure,Comedy,7.152190266666667,7.152190266666667,2000,2000s,Medio (50-100M)
2007,9,6.5,PG,National Treasure: Book of Secrets,130000000.0,124,Walt Disney ,459242249.0,219964115.0,Action,Adventure,Mystery,3.532632684615385,3.532632684615385,2000,2000s,Alto (100-200M)
2007,10,7.6,R,300,65000000.0,117,Warner Bros.,456068181.0,210614939.0,Action,Drama,None,7.016433553846154,7.016433553846154,2000,2000s,Medio (50-100M)
2006,1,7.3,PG-13,Pirates of the Caribbean: Dead Man's Chest,225000000.0,151,Walt Disney ,1066179725.0,423315812.0,Action,Adventure,Fantasy,4.7385765555555555,4.7385765555555555,2000,2000s,Muy Alto (>200M)
2006,2,6.6,PG-13,The Da Vinci Code,125000000.0,149,Sony Pictures,760006945.0,217536138.0,Action,Mystery,Thriller,6.08005556,6.08005556,2000,2000s,Alto (100-200M)
2006,3,6.8,PG,Ice Age: The Meltdown,80000000.0,91,Twentieth Century Fox,660998756.0,195330621.0,Animation,Adventure,Comedy,8.26248445,8.26248445,2000,2000s,Medio (50-100M)
2006,4,8.0,PG-13,Casino Royale,150000000.0,144,Sony Pictures,606099584.0,167445960.0,Action,Adventure,Thriller,4.040663893333333,4.040663893333333,2000,2000s,Alto (100-200M)
2006,5,6.4,PG,Night at the Museum,110000000.0,108,Twentieth Century Fox,574480841.0,250863268.0,Adventure,Comedy,Family,5.2225531,5.2225531,2000,2000s,Alto (100-200M)
2006,6,7.1,G,Cars,120000000.0,117,Walt Disney ,461983149.0,244082982.0,Animation,Comedy,Family,3.849859575,3.849859575,2000,2000s,Alto (100-200M)
2006,7,6.7,PG-13,X-Men: The Last Stand,210000000.0,104,Twentieth Century Fox,460435291.0,234362462.0,Action,Sci-Fi,None,2.1925490047619047,2.1925490047619047,2000,2000s,Muy Alto (>200M)
2006,8,6.9,PG-13,Mission: Impossible III,150000000.0,126,Paramount Pictures,398479497.0,134029801.0,Action,Adventure,Thriller,2.65652998,2.65652998,2000,2000s,Alto (100-200M)
2006,9,6.0,PG-13,Superman Returns,270000000.0,154,Warner Bros.,391081192.0,200081192.0,Action,Sci-Fi,None,1.4484488592592593,1.4484488592592593,2000,2000s,Muy Alto (>200M)
2006,10,6.4,PG,Happy Feet,100000000.0,108,Warner Bros.,384335608.0,198000317.0,Animation,Adventure,Comedy,3.84335608,3.84335608,2000,2000s,Medio (50-100M)
2005,1,7.7,PG-13,Harry Potter and the Goblet of Fire,150000000.0,157,Warner Bros.,895921036.0,290013036.0,Adventure,Family,Fantasy,5.9728069066666665,5.9728069066666665,2000,2000s,Alto (100-200M)
2005,2,7.5,PG-13,Star Wars: Episode III - Revenge of the Sith,113000000.0,140,Twentieth Century Fox,868352530.0,380270577.0,Action,Adventure,Fantasy,7.684535663716814,7.684535663716814,2000,2000s,Alto (100-200M)
2005,3,6.9,PG,"The Chronicles of Narnia: The Lion, the Witch and the Wardrobe",180000000.0,143,Walt Disney ,745013115.0,291710957.0,Adventure,Family,Fantasy,4.13896175,4.13896175,2000,2000s,Alto (100-200M)
2005,4,6.5,PG-13,War of the Worlds,132000000.0,116,Paramount Pictures,603873119.0,234280354.0,Adventure,Sci-Fi,Thriller,4.574796356060606,4.574796356060606,2000,2000s,Alto (100-200M)
2005,5,7.2,PG-13,King Kong,207000000.0,187,Universal Pictures,562363449.0,218080025.0,Action,Adventure,Drama,2.716731637681159,2.716731637681159,2000,2000s,Muy Alto (>200M)
2005,6,6.9,PG,Madagascar,75000000.0,86,DreamWorks,542063846.0,193595521.0,Animation,Adventure,Comedy,7.227517946666667,7.227517946666667,2000,2000s,Medio (50-100M)
2005,7,6.5,PG-13,Mr. & Mrs. Smith,110000000.0,120,Twentieth Century Fox,487287646.0,186336279.0,Action,Comedy,Crime,4.429887690909091,4.429887690909091,2000,2000s,Alto (100-200M)
2005,8,6.6,PG,Charlie and the Chocolate Factory,150000000.0,115,Warner Bros.,474968763.0,206459076.0,Adventure,Comedy,Family,3.16645842,3.16645842,2000,2000s,Alto (100-200M)
2005,9,8.2,PG-13,Batman Begins,150000000.0,140,Warner Bros.,371853783.0,205343774.0,Action,Adventure,Fantasy,2.47902522,2.47902522,2000,2000s,Alto (100-200M)
2005,10,6.6,PG-13,Hitch,70000000.0,118,Sony Pictures,371594210.0,179495555.0,Comedy,Romance,None,5.308488714285715,5.308488714285715,2000,2000s,Medio (50-100M)
2004,1,7.2,PG,Shrek 2,150000000.0,93,DreamWorks,928760770.0,441226247.0,Animation,Adventure,Comedy,6.191738466666667,6.191738466666667,2000,2000s,Alto (100-200M)
2004,2,7.9,PG,Harry Potter and the Prisoner of Azkaban,130000000.0,142,Warner Bros.,795634069.0,249541069.0,Adventure,Family,Fantasy,6.120262069230769,6.120262069230769,2000,2000s,Alto (100-200M)
2004,3,7.3,PG-13,Spider-Man 2,200000000.0,127,Sony Pictures,788976453.0,373585825.0,Action,Adventure,Sci-Fi,3.944882265,3.944882265,2000,2000s,Alto (100-200M)
2004,4,8.0,PG,The Incredibles,92000000.0,115,Walt Disney ,631442092.0,261441092.0,Animation,Action,Adventure,6.863501,6.863501,2000,2000s,Medio (50-100M)
2004,5,7.1,R,The Passion of the Christ,30000000.0,127,Icon Productions,611486736.0,370274604.0,Drama,None,None,20.3828912,20.3828912,2000,2000s,Bajo (<50M)
2004,6,6.4,PG-13,The Day After Tomorrow,125000000.0,124,Twentieth Century Fox,552639571.0,186740799.0,Action,Adventure,Sci-Fi,4.421116568,4.421116568,2000,2000s,Alto (100-200M)
2004,7,6.3,PG-13,Meet the Fockers,80000000.0,115,Universal Pictures,522657936.0,279261160.0,Comedy,romance,None,6.5332242,6.5332242,2000,2000s,Medio (50-100M)
2004,8,7.2,R,Troy,175000000.0,163,Warner Bros.,497409852.0,133378256.0,Drama,History,None,2.8423420114285713,2.8423420114285713,2000,2000s,Alto (100-200M)
2004,9,6.0,PG,Shark Tale,75000000.0,90,DreamWorks,374583879.0,160861908.0,Animation,Adventure,Comedy,4.99445172,4.99445172,2000,2000s,Medio (50-100M)
2004,10,6.5,PG-13,Ocean's Twelve,110000000.0,125,Warner Bros.,362744280.0,125544280.0,Crime,Thriller,None,3.2976752727272727,3.2976752727272727,2000,2000s,Alto (100-200M)
2003,1,8.9,PG-13,The Lord of the Rings: The Return of the King,94000000.0,201,New Line Cinema,1140682011.0,377027325.0,Adventure,Drama,Fantasy,12.134915010638299,12.134915010638299,2000,2000s,Medio (50-100M)
2003,2,8.1,G,Finding Nemo,94000000.0,100,Walt Disney ,871014978.0,339714978.0,Animation,Adventure,Comedy,9.266116787234042,9.266116787234042,2000,2000s,Medio (50-100M)
2003,3,7.2,R,The Matrix Reloaded,150000000.0,138,Warner Bros.,739412035.0,281576461.0,Action,Sci-Fi,None,4.929413566666667,4.929413566666667,2000,2000s,Alto (100-200M)
2003,4,8.0,PG-13,Pirates of the Caribbean: The Curse of the Black Pearl,140000000.0,143,Walt Disney ,654264015.0,305413918.0,Action,Adventure,Fantasy,4.673314392857143,4.673314392857143,2000,2000s,Alto (100-200M)
2003,5,6.7,PG-13,Bruce Almighty,81000000.0,101,Universal Pictures,484592874.0,242829261.0,Comedy,Drama,Fantasy,5.982628074074074,5.982628074074074,2000,2000s,Medio (50-100M)
2003,6,7.7,R,The Last Samurai,140000000.0,154,Warner Bros.,454627263.0,111127263.0,Action,Drama,War,3.247337592857143,3.247337592857143,2000,2000s,Alto (100-200M)
2003,7,6.3,R,Terminator 3: Rise of the Machines,200000000.0,109,Warner Bros.,433371112.0,150371112.0,Action,Sci-Fi,None,2.16685556,2.16685556,2000,2000s,Alto (100-200M)
2003,8,6.7,R,The Matrix Revolutions,150000000.0,129,Warner Bros.,427343298.0,139313948.0,Action,Sci-Fi,None,2.84895532,2.84895532,2000,2000s,Alto (100-200M)
2003,9,7.4,PG-13,X2: X-Men United,110000000.0,134,Twentieth Century Fox,407711549.0,214949694.0,Action,Sci-Fi,Thriller,3.706468627272727,3.706468627272727,2000,2000s,Alto (100-200M)
2003,10,6.6,R,Bad Boys II,130000000.0,147,Sony Pictures,273339556.0,138608444.0,Action,Comedy,Crime,2.1026119692307694,2.1026119692307694,2000,2000s,Alto (100-200M)
2002,1,8.7,PG-13,The Lord of the Rings: The Two Towers,94000000.0,179,New Line Cinema,936689735.0,339789881.0,Adventure,Drama,Fantasy,9.964784414893616,9.964784414893616,2000,2000s,Medio (50-100M)
2002,2,7.4,PG,Harry Potter and the Chamber of Secrets,100000000.0,161,Warner Bros.,878979634.0,261988482.0,Adventure,Family,Fantasy,8.78979634,8.78979634,2000,2000s,Medio (50-100M)
2002,3,7.3,PG-13,Spider-Man,139000000.0,121,Sony Pictures,821708551.0,403706375.0,Action,Adventure,Sci-Fi,5.911572309352518,5.911572309352518,2000,2000s,Alto (100-200M)
2002,4,6.5,PG,Star Wars: Episode II - Attack of the Clones,115000000.0,142,Twentieth Century Fox,645256452.0,302191252.0,Action,Adventure,Fantasy,5.610925669565217,5.610925669565217,2000,2000s,Alto (100-200M)
2002,5,6.2,PG-13,Men in Black II,140000000.0,88,Sony Pictures,441818803.0,190418803.0,Action,Adventure,Comedy,3.1558485928571427,3.1558485928571427,2000,2000s,Alto (100-200M)
2002,6,6.1,PG-13,Die Another Day,142000000.0,133,Metro-Goldwyn-Mayer,431971116.0,160942139.0,Action,Adventure,Thriller,3.042050112676056,3.042050112676056,2000,2000s,Alto (100-200M)
2002,7,6.7,PG-13,Signs,72000000.0,106,Walt Disney ,408247917.0,227966634.0,Drama,Mystery,Sci-Fi,5.670109958333334,5.670109958333334,2000,2000s,Medio (50-100M)
2002,8,7.5,PG,Ice Age,59000000.0,81,Twentieth Century Fox,383257136.0,176387405.0,Animation,Adventure,Comedy,6.495883661016949,6.495883661016949,2000,2000s,Medio (50-100M)
2002,9,6.5,PG,My Big Fat Greek Wedding,5000000.0,95,IFC Films,368744044.0,241438208.0,Comedy,Drama,Romance,73.7488088,73.7488088,2000,2000s,Bajo (<50M)
2002,10,7.6,PG-13,Minority Report,102000000.0,145,Twentieth Century Fox,358372926.0,132072926.0,Action,Crime,Mystery,3.5134600588235294,3.5134600588235294,2000,2000s,Alto (100-200M)
2001,1,7.6,PG,Harry Potter and the Sorcerer's Stone,125000000.0,152,Warner Bros.,974755371.0,317575550.0,Adventure,Family,Fantasy,7.798042968,7.798042968,2000,2000s,Alto (100-200M)
2001,2,8.8,PG-13,The Lord of the Rings: The Fellowship of the Ring,93000000.0,178,New Line Cinema,883726270.0,313364114.0,Adventure,Drama,Fantasy,9.502433010752688,9.502433010752688,2000,2000s,Medio (50-100M)
2001,3,8.0,G,"Monsters, Inc.",115000000.0,92,Walt Disney ,528773250.0,255873250.0,Animation,Adventure,Comedy,4.598028260869565,4.598028260869565,2000,2000s,Alto (100-200M)
2001,4,7.8,PG,Shrek,60000000.0,90,DreamWorks,484409218.0,267665011.0,Animation,Adventure,Comedy,8.073486966666668,8.073486966666668,2000,2000s,Medio (50-100M)
2001,5,7.8,PG-13,Ocean's Eleven,85000000.0,116,Warner Bros.,450717150.0,183417150.0,Crime,Thriller,None,5.302554705882353,5.302554705882353,2000,2000s,Medio (50-100M)
2001,6,6.2,PG-13,Pearl Harbor,140000000.0,183,Walt Disney ,449220945.0,198542554.0,Action,Drama,History,3.208721035714286,3.208721035714286,2000,2000s,Alto (100-200M)
2001,7,6.3,PG-13,The Mummy Returns,98000000.0,130,Universal Pictures,433013274.0,202019785.0,Action,Adventure,Fantasy,4.418502795918367,4.418502795918367,2000,2000s,Medio (50-100M)
2001,8,5.9,PG-13,Jurassic Park III,93000000.0,92,Universal Pictures,368780809.0,181171875.0,Action,Adventure,Sci-Fi,3.9653850430107527,3.9653850430107527,2000,2000s,Medio (50-100M)
2001,9,5.7,PG-13,Planet of the Apes,100000000.0,119,Twentieth Century Fox,362211740.0,180011740.0,Action,Adventure,Sci-Fi,3.6221174,3.6221174,2000,2000s,Medio (50-100M)
2001,10,6.8,R,Hannibal,87000000.0,131,Metro-Goldwyn-Mayer,351692268.0,165092268.0,Crime,Drama,Thriller,4.042439862068965,4.042439862068965,2000,2000s,Medio (50-100M)
2000,1,6.1,PG-13,Mission: Impossible II,125000000.0,123,Paramount Pictures,546388105.0,215409889.0,Action,Adventure,Thriller,4.37110484,4.37110484,2000,2000s,Alto (100-200M)
2000,2,8.5,R,Gladiator,103000000.0,155,DreamWorks,460583960.0,187705427.0,Action,Adventure,Drama,4.471688932038835,4.471688932038835,2000,2000s,Alto (100-200M)
2000,3,7.8,PG-13,Cast Away,90000000.0,143,Twentieth Century Fox,429632142.0,233632142.0,Adventure,Drama,Romance,4.773690466666666,4.773690466666666,2000,2000s,Medio (50-100M)
2000,4,6.4,PG-13,What Women Want,70000000.0,127,Paramount Pictures,374111707.0,182811707.0,Comedy,Fantasy,Romance,5.344452957142857,5.344452957142857,2000,2000s,Medio (50-100M)
2000,5,6.5,PG,Dinosaur,127500000.0,82,Walt Disney ,349822765.0,137748063.0,Animation,Adventure,Family,2.7437079607843136,2.7437079607843136,2000,2000s,Alto (100-200M)
2000,6,6.1,PG,How the Grinch Stole Christmas,123000000.0,104,Universal Pictures,345141403.0,260044825.0,Comedy,Family,Fantasy,2.8060276666666666,2.8060276666666666,2000,2000s,Alto (100-200M)
2000,7,7.0,PG-13,Meet the Parents,55000000.0,108,Universal Pictures,330444045.0,166244045.0,Comedy,romance,None,6.008073545454545,6.008073545454545,2000,2000s,Medio (50-100M)
2000,8,6.4,PG-13,The Perfect Storm,140000000.0,130,Warner Bros.,328718434.0,182618434.0,Action,Adventure,Drama,2.3479888142857144,2.3479888142857144,2000,2000s,Alto (100-200M)
2000,9,7.4,PG-13,X-Men,75000000.0,104,Twentieth Century Fox,296339528.0,157299718.0,Action,Adventure,Sci-Fi,3.9511937066666665,3.9511937066666665,2000,2000s,Medio (50-100M)
2000,10,6.6,PG-13,What Lies Beneath,100000000.0,130,DreamWorks,291420351.0,155464351.0,Drama,Fantasy,Horror,2.91420351,2.91420351,2000,2000s,Medio (50-100M)
1999,1,6.5,PG,Star Wars: Episode I - The Phantom Menace,115000000.0,136,Twentieth Century Fox,924305084.0,431088295.0,Action,Adventure,Fantasy,8.037435513043478,8.037435513043478,1990,1990s,Alto (100-200M)
1999,2,8.1,PG-13,The Sixth Sense,40000000.0,107,Walt Disney ,672806292.0,293506292.0,Drama,Mystery,Thriller,16.8201573,16.8201573,1990,1990s,Bajo (<50M)
1999,3,7.9,G,Toy Story 2,90000000.0,92,Walt Disney ,487059677.0,245852179.0,Animation,Adventure,Comedy,5.411774188888889,5.411774188888889,1990,1990s,Medio (50-100M)
1999,4,8.7,R,The Matrix,63000000.0,136,Warner Bros.,463517383.0,171479930.0,Action,Sci-Fi,None,7.357418777777778,7.357418777777778,1990,1990s,Medio (50-100M)
1999,5,7.3,G,Tarzan,130000000.0,88,Walt Disney ,448191819.0,171091819.0,Animation,Adventure,Family,3.447629376923077,3.447629376923077,1990,1990s,Alto (100-200M)
1999,6,7.0,PG-13,The Mummy,80000000.0,124,Universal Pictures,415933406.0,155385488.0,Action,Adventure,Fantasy,5.199167575,5.199167575,1990,1990s,Medio (50-100M)
1999,7,7.1,PG-13,Notting Hill,42000000.0,124,Universal Pictures,363889678.0,116089678.0,Comedy,Drama,Romance,8.664039952380952,8.664039952380952,1990,1990s,Bajo (<50M)
1999,8,6.4,PG-13,The World is Not Enough,135000000.0,128,Metro-Goldwyn-Mayer,361832400.0,126943684.0,Action,Adventure,Thriller,2.68024,2.68024,1990,1990s,Alto (100-200M)
1999,9,8.3,R,American Beauty,15000000.0,122,DreamWorks,356296601.0,130096601.0,Drama,None,None,23.753106733333333,23.753106733333333,1990,1990s,Bajo (<50M)
1999,10,6.6,PG-13,Austin Powers: The Spy Who Shagged Me,33000000.0,95,New Line Cinema,312016858.0,206040086.0,Action,Adventure,Comedy,9.455056303030304,9.455056303030304,1990,1990s,Bajo (<50M)
1998,1,6.7,PG-13,Armageddon,140000000.0,151,Walt Disney ,553709788.0,201578182.0,Action,Adventure,Sci-Fi,3.955069914285714,3.955069914285714,1990,1990s,Alto (100-200M)
1998,2,8.6,R,Saving Private Ryan,70000000.0,169,DreamWorks,481840909.0,216540909.0,Drama,War,None,6.8834415571428575,6.8834415571428575,1990,1990s,Medio (50-100M)
1998,3,5.4,PG-13,Godzilla,130000000.0,139,Sony Pictures,379014294.0,136314294.0,Action,Sci-Fi,Thriller,2.9154945692307694,2.9154945692307694,1990,1990s,Alto (100-200M)
1998,4,7.1,R,There's Something About Mary,23000000.0,119,Twentieth Century Fox,369884651.0,176484651.0,Comedy,Romance,None,16.08194134782609,16.08194134782609,1990,1990s,Bajo (<50M)
1998,5,7.2,G,A Bug's Life,120000000.0,95,Walt Disney ,363258859.0,162798565.0,Animation,Adventure,Comedy,3.0271571583333334,3.0271571583333334,1990,1990s,Alto (100-200M)
1998,6,6.2,PG-13,Deep Impact,75000000.0,120,Paramount Pictures,349464664.0,140464664.0,Action,Drama,Romance,4.659528853333334,4.659528853333334,1990,1990s,Medio (50-100M)
1998,7,7.6,G,Mulan,90000000.0,88,Walt Disney ,304320254.0,120620254.0,Animation,Adventure,Family,3.3813361555555557,3.3813361555555557,1990,1990s,Medio (50-100M)
1998,8,5.4,PG-13,Doctor Dolittle,71500000.0,85,Twentieth Century Fox,294456605.0,144156605.0,Comedy,Family,Fantasy,4.1182741958041955,4.1182741958041955,1990,1990s,Medio (50-100M)
1998,9,7.1,R,Shakespeare in Love,25000000.0,123,Miramax,289317794.0,100317794.0,Comedy,Drama,History,11.57271176,11.57271176,1990,1990s,Bajo (<50M)
1998,10,6.6,R,Lethal Weapon 4,140000000.0,127,Warner Bros.,285444603.0,130444603.0,Action,Crime,Thriller,2.0388900214285712,2.0388900214285712,1990,1990s,Alto (100-200M)
1997,1,7.8,PG-13,Titanic,200000000.0,194,Paramount Pictures,1850197130.0,600788188.0,Drama,Romance,None,9.25098565,9.25098565,1990,1990s,Alto (100-200M)
1997,2,6.6,PG-13,The Lost World: Jurassic Park,73000000.0,129,Universal Pictures,618638999.0,229086679.0,Action,Adventure,Sci-Fi,8.474506835616438,8.474506835616438,1990,1990s,Medio (50-100M)
1997,3,7.3,PG-13,Men in Black,90000000.0,98,Sony Pictures,589390539.0,250690539.0,Action,Adventure,Comedy,6.548783766666666,6.548783766666666,1990,1990s,Medio (50-100M)
1997,4,6.5,PG-13,Tomorrow Never Dies,110000000.0,119,Metro-Goldwyn-Mayer,333011068.0,125304276.0,Action,Adventure,Thriller,3.0273733454545453,3.0273733454545453,1990,1990s,Alto (100-200M)
1997,5,6.5,R,Air Force One,85000000.0,124,Sony Pictures,315156409.0,172956409.0,Action,Drama,Thriller,3.7077224588235294,3.7077224588235294,1990,1990s,Medio (50-100M)
1997,6,7.7,PG-13,As Good As It Gets,50000000.0,139,Sony Pictures,314178011.0,148478011.0,Comedy,Drama,Romance,6.28356022,6.28356022,1990,1990s,Bajo (<50M)
1997,7,6.9,PG-13,Liar Liar,45000000.0,86,Universal Pictures,302710615.0,181410615.0,Comedy,Fantasy,None,6.726902555555555,6.726902555555555,1990,1990s,Bajo (<50M)
1997,8,6.3,PG-13,My Best Friend's Wedding,38000000.0,105,Sony Pictures,299288605.0,127120029.0,Comedy,Drama,Romance,7.876015921052631,7.876015921052631,1990,1990s,Bajo (<50M)
1997,9,7.7,PG-13,The Fifth Element,93000000.0,126,Sony Pictures,263920180.0,63820180.0,Action,Adventure,Sci-Fi,2.8378513978494624,2.8378513978494624,1990,1990s,Medio (50-100M)
1997,10,7.2,R,The Full Monty,3500000.0,91,Fox Searchlight Pictures,257938649.0,45950122.0,Comedy,Drama,None,73.69675685714286,73.69675685714286,1990,1990s,Bajo (<50M)
1996,1,7.0,PG-13,Independence Day,75000000.0,145,Twentieth Century Fox,817400891.0,306169268.0,Action,Adventure,Sci-Fi,10.898678546666666,10.898678546666666,1990,1990s,Medio (50-100M)
1996,2,6.4,PG-13,Twister,92000000.0,113,Warner Bros.,494471524.0,241721524.0,Action,Adventure,Thriller,5.374690478260869,5.374690478260869,1990,1990s,Medio (50-100M)
1996,3,7.1,PG-13,Mission: Impossible,80000000.0,110,Paramount Pictures,457696359.0,180981856.0,Action,Adventure,Thriller,5.7212044875,5.7212044875,1990,1990s,Medio (50-100M)
1996,4,7.4,R,The Rock,75000000.0,136,Walt Disney ,335062621.0,134069511.0,Action,Adventure,Thriller,4.467501613333333,4.467501613333333,1990,1990s,Medio (50-100M)
1996,5,6.9,G,The Hunchback of Notre Dame,100000000.0,91,Walt Disney ,325338851.0,100138851.0,Animation,Drama,Family,3.25338851,3.25338851,1990,1990s,Medio (50-100M)
1996,6,5.7,G,101 Dalmatians,75000000.0,103,Walt Disney ,320689294.0,136189294.0,Adventure,Comedy,Crime,4.275857253333333,4.275857253333333,1990,1990s,Medio (50-100M)
1996,7,6.6,R,Ransom,80000000.0,121,Walt Disney ,309492681.0,136492681.0,Action,Crime,Thriller,3.8686585125,3.8686585125,1990,1990s,Medio (50-100M)
1996,8,5.6,PG-13,The Nutty Professor,54000000.0,95,Universal Pictures,273961019.0,128814019.0,Comedy,Romance,Sci-Fi,5.0733522037037035,5.0733522037037035,1990,1990s,Medio (50-100M)
1996,9,7.3,R,Jerry Maguire,50000000.0,139,Sony Pictures,273552592.0,153952592.0,Comedy,Drama,Romance,5.47105184,5.47105184,1990,1990s,Bajo (<50M)
1996,10,6.1,R,Eraser,100000000.0,115,Warner Bros.,242295562.0,101295562.0,Action,Drama,Thriller,2.42295562,2.42295562,1990,1990s,Medio (50-100M)
1995,1,7.6,R,Die Hard with a Vengeance,90000000.0,128,Twentieth Century Fox,366101666.0,100012499.0,Action,Adventure,Thriller,4.067796288888889,4.067796288888889,1990,1990s,Medio (50-100M)
1995,2,8.3,G,Toy Story,30000000.0,81,Walt Disney ,363007140.0,191796233.0,Animation,Adventure,Comedy,12.100238,12.100238,1990,1990s,Bajo (<50M)
1995,3,7.6,PG,Apollo 13,52000000.0,140,Universal Pictures,353148882.0,172071312.0,Adventure,Drama,History,6.791324653846154,6.791324653846154,1990,1990s,Medio (50-100M)
1995,4,7.2,PG-13,GoldenEye,60000000.0,140,Metro-Goldwyn-Mayer,352194034.0,106429941.0,Action,Adventure,Thriller,5.869900566666667,5.869900566666667,1990,1990s,Medio (50-100M)
1995,5,6.7,G,Pocahontas,55000000.0,81,Walt Disney ,346079773.0,141579773.0,Animation,Adventure,Drama,6.292359509090909,6.292359509090909,1990,1990s,Medio (50-100M)
1995,6,5.4,PG-13,Batman Forever,100000000.0,121,Warner Bros.,336529144.0,184031112.0,Action,Adventure,Fantasy,3.36529144,3.36529144,1990,1990s,Medio (50-100M)
1995,7,8.6,R,Se7en,33000000.0,127,New Line Cinema,327311859.0,100125643.0,Crime,Drama,Mystery,9.918541181818181,9.918541181818181,1990,1990s,Bajo (<50M)
1995,8,6.1,PG,Casper,50000000.0,100,Universal Pictures,287928194.0,100328194.0,Comedy,Family,Fantasy,5.75856388,5.75856388,1990,1990s,Bajo (<50M)
1995,9,6.2,PG-13,Waterworld,175000000.0,135,Universal Pictures,264218220.0,88246220.0,Action,Adventure,Sci-Fi,1.5098184,1.5098184,1990,1990s,Alto (100-200M)
1995,10,7.0,PG,Jumanji,65000000.0,104,Sony Pictures,262797249.0,100475249.0,Adventure,Comedy,Family,4.0430346,4.0430346,1990,1990s,Medio (50-100M)
1994,1,8.5,G,The Lion King,45000000.0,88,Walt Disney ,763455561.0,312855561.0,Animation,Adventure,Drama,16.96567913333333,16.96567913333333,1990,1990s,Bajo (<50M)
1994,2,8.8,PG-13,Forrest Gump,55000000.0,142,Paramount Pictures,677387716.0,329694499.0,Drama,Romance,None,12.316140290909091,12.316140290909091,1990,1990s,Medio (50-100M)
1994,3,7.2,R,True Lies,115000000.0,141,Twentieth Century Fox,378882411.0,146282411.0,Action,Comedy,Thriller,3.2946296608695653,3.2946296608695653,1990,1990s,Alto (100-200M)
1994,4,6.9,PG-13,The Mask,23000000.0,101,New Line Cinema,351583407.0,119938730.0,Comedy,Crime,Fantasy,15.286235086956522,15.286235086956522,1990,1990s,Bajo (<50M)
1994,5,7.2,R,Speed,30000000.0,116,Twentieth Century Fox,350448145.0,121248145.0,Action,Adventure,Thriller,11.681604833333333,11.681604833333333,1990,1990s,Bajo (<50M)
1994,6,4.9,PG,The Flintstones,46000000.0,91,Universal Pictures,341631208.0,130531208.0,Comedy,Family,Fantasy,7.426765391304348,7.426765391304348,1990,1990s,Bajo (<50M)
1994,7,7.3,PG-13,Dumb and Dumber,17000000.0,107,New Line Cinema,247275374.0,127175374.0,Comedy,None,None,14.545610235294118,14.545610235294118,1990,1990s,Bajo (<50M)
1994,8,7.0,R,Four Weddings and a Funeral,4400000.0,117,Rank Film Distributors,245700832.0,52700832.0,Comedy,Drama,Romance,55.84109818181818,55.84109818181818,1990,1990s,Bajo (<50M)
1994,9,7.6,R,Interview with the Vampire: The Vampire Chronicles,60000000.0,123,Warner Bros.,223664608.0,105264608.0,Drama,Horror,None,3.7277434666666664,3.7277434666666664,1990,1990s,Medio (50-100M)
1994,10,6.9,PG-13,Clear and Present Danger,62000000.0,141,Paramount Pictures,215887717.0,122187717.0,Action,Crime,Drama,3.482059951612903,3.482059951612903,1990,1990s,Medio (50-100M)
1993,1,8.1,PG-13,Jurassic Park ,63000000.0,127,Universal Pictures,912667947.0,357067947.0,Action,Adventure,Sci-Fi,14.48679280952381,14.48679280952381,1990,1990s,Medio (50-100M)
1993,2,7.0,PG-13,Mrs. Doubtfire,25000000.0,125,Twentieth Century Fox,441286195.0,219195243.0,Comedy,Drama,Family,17.6514478,17.6514478,1990,1990s,Bajo (<50M)
1993,3,7.8,PG-13,The Fugitive,44000000.0,130,Warner Bros.,368875760.0,183875760.0,Action,Crime,Drama,8.38354,8.38354,1990,1990s,Bajo (<50M)
1993,4,8.9,R,Schindler's List,22000000.0,195,Universal Pictures,321306305.0,96065768.0,Biography,Drama,History,14.604832045454545,14.604832045454545,1990,1990s,Bajo (<50M)
1993,5,6.8,R,The Firm,42000000.0,154,Paramount Pictures,270248367.0,158348367.0,Drama,Mystery,Thriller,6.434484928571429,6.434484928571429,1990,1990s,Bajo (<50M)
1993,6,5.9,R,Indecent Proposal,38000000.0,117,Paramount Pictures,266614059.0,106614059.0,Drama,Romance,None,7.0161594473684215,7.0161594473684215,1990,1990s,Bajo (<50M)
1993,7,6.4,R,Cliffhanger,70000000.0,113,TriStar Pictures,255000211.0,84049211.0,Action,Adventure,Thriller,3.642860157142857,3.642860157142857,1990,1990s,Medio (50-100M)
1993,8,6.8,PG,Sleepless in Seattle,21000000.0,105,TriStar Pictures,227799884.0,126680884.0,Comedy,Drama,Romance,10.847613523809525,10.847613523809525,1990,1990s,Bajo (<50M)
1993,9,7.7,PG-13,Philadelphia,26000000.0,125,TriStar Pictures,206678440.0,77446440.0,Drama,None,None,7.949170769230769,7.949170769230769,1990,1990s,Bajo (<50M)
1993,10,6.6,PG-13,The Pelican Brief,45000000.0,141,Warner Bros.,195268056.0,100768056.0,Crime,Drama,Mystery,4.339290133333333,4.339290133333333,1990,1990s,Bajo (<50M)
1992,1,8.0,G,Aladdin,28000000.0,90,Walt Disney ,504050219.0,217350219.0,Animation,Adventure,Comedy,18.001793535714285,18.001793535714285,1990,1990s,Bajo (<50M)
1992,2,6.3,R,The Bodyguard,25000000.0,129,Warner Bros.,410945720.0,121945720.0,Action,Drama,Music,16.4378288,16.4378288,1990,1990s,Bajo (<50M)
1992,3,6.7,PG,Home Alone 2: Lost in New York ,18000000.0,120,Twentieth Century Fox,358994850.0,173585516.0,Adventure,Comedy,Crime,19.944158333333334,19.944158333333334,1990,1990s,Bajo (<50M)
1992,4,7.0,R,Basic Instinct,49000000.0,127,TriStar Pictures,352927224.0,117727224.0,Drama,Mystery,Thriller,7.202596408163266,7.202596408163266,1990,1990s,Bajo (<50M)
1992,5,6.7,R,Lethal Weapon 3,35000000.0,118,Warner Bros.,321731527.0,144731527.0,Action,Crime,Thriller,9.192329342857143,9.192329342857143,1990,1990s,Bajo (<50M)
1992,6,7.0,PG-13,Batman Returns,80000000.0,126,Warner Bros.,266822354.0,162831698.0,Action,Crime,Fantasy,3.335279425,3.335279425,1990,1990s,Medio (50-100M)
1992,7,7.7,R,A  Few Good Men,41000000.0,138,Columbia Pictures,243240178.0,141340178.0,Drama,Thriller,None,5.932687268292683,5.932687268292683,1990,1990s,Bajo (<50M)
1992,8,6.4,PG,Sister Act,31000000.0,60,Walt Disney ,231605150.0,139605150.0,Comedy,Crime,Family,7.4711338709677415,7.4711338709677415,1990,1990s,Bajo (<50M)
1992,9,7.4,R,Bram Stoker's Dracula,40000000.0,128,Columbia Pictures,215862692.0,82522790.0,Horror,None,None,5.3965673,5.3965673,1990,1990s,Bajo (<50M)
1992,10,7.0,PG-13,Wayne's World,20000000.0,94,Paramount Pictures,183097323.0,121697323.0,Comedy,Music ,None,9.15486615,9.15486615,1990,1990s,Bajo (<50M)
1991,1,8.5,R,Terminator 2: Judgement Day,102000000.0,137,TriStar Pictures,516950043.0,204843345.0,Action,Sci-Fi,None,5.068137676470588,5.068137676470588,1990,1990s,Alto (100-200M)
1991,2,6.9,PG-13,Robin Hood: Prince of Thieves,48000000.0,143,Warner Bros.,390493908.0,165493908.0,Action,Adventure,Drama,8.13528975,8.13528975,1990,1990s,Bajo (<50M)
1991,3,8.0,G,Beauty and the Beast,25000000.0,84,Walt Disney ,331907151.0,145863363.0,Animation,Family,Fantasy,13.27628604,13.27628604,1990,1990s,Bajo (<50M)
1991,4,6.8,PG,Hook,70000000.0,142,TriStar Pictures,300854823.0,119654823.0,Adventure,Comedy,Family,4.297926042857143,4.297926042857143,1990,1990s,Medio (50-100M)
1991,5,8.6,R,The Silence of the Lambs,19000000.0,118,Orion Pictures,272742922.0,130742922.0,Crime,Drama,Thriller,14.354890631578947,14.354890631578947,1990,1990s,Bajo (<50M)
1991,6,8.0,R,JFK,40000000.0,189,Warner Bros.,205405498.0,70405498.0,Drama,History,Thriller,5.13513745,5.13513745,1990,1990s,Bajo (<50M)
1991,7,6.9,PG-13,The Addams Family,30000000.0,99,Paramount Pictures,191502426.0,113502426.0,Comedy,Fantasy,None,6.3834142,6.3834142,1990,1990s,Bajo (<50M)
1991,8,7.3,R,Cape Fear,35000000.0,128,Universal Pictures,182291969.0,79091969.0,Crime,Thriller,None,5.208341971428571,5.208341971428571,1990,1990s,Bajo (<50M)
1991,9,6.8,PG-13,Hot Shots!,26000000.0,84,Twentieth Century Fox,181096164.0,69467617.0,Action,Comedy,None,6.965237076923077,6.965237076923077,1990,1990s,Bajo (<50M)
1991,10,6.7,PG-13,City Slickers,27000000.0,113,Columbia Pictures,179033791.0,124033791.0,Comedy,None,None,6.630881148148148,6.630881148148148,1990,1990s,Bajo (<50M)
1990,1,7.0,PG-13,Ghost,22000000.0,127,Paramount Pictures,505702588.0,217631306.0,Drama,Fantasy,Romance,22.98648127272727,22.98648127272727,1990,1990s,Bajo (<50M)
1990,2,7.6,PG,Home Alone ,18000000.0,103,Twentieth Century Fox,476684675.0,285761243.0,Comedy,Family,None,26.482481944444444,26.482481944444444,1990,1990s,Bajo (<50M)
1990,3,7.0,R,Pretty Woman ,14000000.0,119,Walt Disney ,463406268.0,178406268.0,Comedy,Romance,None,33.100447714285714,33.100447714285714,1990,1990s,Bajo (<50M)
1990,4,8.0,PG-13,Dances with Wolves,22000000.0,181,Orion Pictures,424208848.0,184208848.0,Adventure,Drama,Western,19.282220363636362,19.282220363636362,1990,1990s,Bajo (<50M)
1990,5,7.5,R,Total Recall,65000000.0,113,Sony Pictures,261299840.0,119394840.0,Action,Sci-Fi,Thriller,4.0199975384615385,4.0199975384615385,1990,1990s,Medio (50-100M)
1990,6,7.4,PG,Back to the Future III,40000000.0,118,Universal Pictures,244527583.0,87727583.0,Adventure,Comedy,Sci-Fi,6.113189575,6.113189575,1990,1990s,Bajo (<50M)
1990,7,7.2,R,Die Hard 2,70000000.0,124,Twentieth Century Fox,240031094.0,117540947.0,Action,Thriller,None,3.4290156285714284,3.4290156285714284,1990,1990s,Medio (50-100M)
1990,8,6.9,R,Presumed Innocent,22000000.0,127,Warner Bros.,221303188.0,86303188.0,Mystery,Thriller,None,10.059235818181818,10.059235818181818,1990,1990s,Bajo (<50M)
1990,9,6.8,PG,Teenage Mutant Ninja Turtles,13500000.0,93,New Line Cinema,201965915.0,135265915.0,Action,Adventure,Comedy,14.960438148148148,14.960438148148148,1990,1990s,Bajo (<50M)
1990,10,6.1,PG-13,Kindergarten Cop,15000000.0,111,Universal Pictures,201957688.0,91457688.0,Comedy,Crime,None,13.463845866666666,13.463845866666666,1990,1990s,Bajo (<50M)
1989,1,8.2,PG-13,Indiana Jones and the Last Crusade,48000000.0,127,Paramount Pictures,474171806.0,197171806.0,Action,Adventure,None,9.878579291666666,9.878579291666666,1980,1980s,Bajo (<50M)
1989,2,7.5,PG-13,Batman,35000000.0,126,Warner Bros.,411348924.0,251188924.0,Action,Adventure,None,11.7528264,11.7528264,1980,1980s,Bajo (<50M)
1989,3,7.8,PG,Back to the Future II,40000000.0,108,Universal Pictures,331950002.0,118450002.0,Adventure,Comedy,Sci-Fi,8.29875005,8.29875005,1980,1980s,Bajo (<50M)
1989,4,5.9,PG-13,Look Who's Talking,7500000.0,93,TriStar Pictures,296999813.0,140088813.0,Comedy,None,None,39.599975066666666,39.599975066666666,1980,1980s,Bajo (<50M)
1989,5,7.2,R,Lethal Weapon 2,28000000.0,114,Warner Bros.,227853986.0,147253986.0,Action,Crime,Thriller,8.137642357142857,8.137642357142857,1980,1980s,Bajo (<50M)
1989,6,6.3,PG,"Honey, I Shrunk the Kids",18000000.0,93,Walt Disney ,222724172.0,130724172.0,Adventure,Comedy,Family,12.37356511111111,12.37356511111111,1980,1980s,Bajo (<50M)
1989,7,6.6,PG,Ghostbusters II,37000000.0,108,Columbia Pictures,215394738.0,112494738.0,Action,Comedy,Fantasy,5.821479405405405,5.821479405405405,1980,1980s,Bajo (<50M)
1989,8,7.6,G,The Little Mermaid,40000000.0,83,Walt Disney ,184155863.0,84355863.0,Animation,Family,Fantasy,4.603896575,4.603896575,1980,1980s,Bajo (<50M)
1989,9,7.2,R,Born on the Fourth of July,14000000.0,145,Universal Pictures,161001698.0,70001698.0,Biography,Drama,War,11.500121285714286,11.500121285714286,1980,1980s,Bajo (<50M)
1989,10,6.8,R,The War of the Roses,26000000.0,116,Twentieth Century Fox,160188546.0,86888546.0,Comedy,Romance,None,6.161097923076923,6.161097923076923,1980,1980s,Bajo (<50M)
1988,1,8.0,R,Rain Man,25000000.0,133,Metro-Goldwyn-Mayer,354825435.0,172825435.0,Drama,None,None,14.1930174,14.1930174,1980,1980s,Bajo (<50M)
1988,2,7.7,PG,Who Framed Roger Rabbit,70000000.0,104,Walt Disney ,329803958.0,156452370.0,Animation,Adventure,Comedy,4.711485114285714,4.711485114285714,1980,1980s,Medio (50-100M)
1988,3,7.0,R,Coming to America,39000000.0,116,Paramount Pictures,288752301.0,128152301.0,Comedy,Romance,None,7.4039051538461536,7.4039051538461536,1980,1980s,Bajo (<50M)
1988,4,5.6,PG,Crocodile Dundee II,14000000.0,108,Paramount Pictures,239606210.0,109306210.0,Action,Adventure,Comedy,17.114729285714287,17.114729285714287,1980,1980s,Bajo (<50M)
1988,5,8.1,PG,Dead Poets Society,16400000.0,128,Walt Disney ,235860116.0,95860116.0,Comedy,Drama,None,14.381714390243902,14.381714390243902,1980,1980s,Bajo (<50M)
1988,6,6.1,PG,Twins,15000000.0,107,Universal Pictures,216614388.0,111938388.0,Comedy,Crime,None,14.4409592,14.4409592,1980,1980s,Bajo (<50M)
1988,7,5.8,R,Rambo III,63000000.0,102,TriStar Pictures,189015611.0,53715611.0,Action,Adventure,None,3.000247793650794,3.000247793650794,1980,1980s,Medio (50-100M)
1988,8,5.9,R,Cocktail,20000000.0,104,Walt Disney ,171504781.0,78222753.0,Comedy,Drama,Romance,8.57523905,8.57523905,1980,1980s,Bajo (<50M)
1988,9,7.3,PG,Big,18000000.0,104,Twentieth Century Fox,151668774.0,114968774.0,Comedy,Drama,Fantasy,8.426043,8.426043,1980,1980s,Bajo (<50M)
1988,10,8.2,R,Die Hard,28000000.0,132,Twentieth Century Fox,140767956.0,83008852.0,Action,Thriller,None,5.027427,5.027427,1980,1980s,Bajo (<50M)
1987,1,6.9,R,Fatal Attraction,14000000.0,119,Paramount Pictures,320145693.0,156645693.0,Drama,Thriller,None,22.8675495,22.8675495,1980,1980s,Bajo (<50M)
1987,2,6.5,R,Beverly Hills Cop II,28000000.0,100,Paramount Pictures,299965036.0,153665036.0,Action,Comedy,Crime,10.713037,10.713037,1980,1980s,Bajo (<50M)
1987,3,7.0,PG-13,Dirty Dancing,6000000.0,100,Vestron Pictures,213446382.0,63446382.0,Drama,Music ,Romance,35.574397,35.574397,1980,1980s,Bajo (<50M)
1987,4,6.0,PG,Three Men and a Baby,11000000.0,102,Walt Disney ,167780960.0,167780960.0,Comedy,Drama,Family,15.252814545454546,15.252814545454546,1980,1980s,Bajo (<50M)
1987,5,7.3,R,"Good Morning, Vietnam",13000000.0,121,Walt Disney ,123922370.0,123922370.0,Biography,Comedy,Drama,9.53249,9.53249,1980,1980s,Bajo (<50M)
1987,6,7.6,R,Lethal Weapon,15000000.0,109,Warner Bros.,120207127.0,65207127.0,Action,Crime,Thriller,8.013808466666667,8.013808466666667,1980,1980s,Bajo (<50M)
1987,7,6.5,PG-13,The Secret of My Success,12000000.0,111,Universal Pictures,110996879.0,66995879.0,Comedy,Romance,None,9.249739916666666,9.249739916666666,1980,1980s,Bajo (<50M)
1987,8,7.8,R,Predator,15000000.0,107,Twentieth Century Fox,98267558.0,59735548.0,Action,Adventure,Sci-Fi,6.551170533333333,6.551170533333333,1980,1980s,Bajo (<50M)
1987,9,7.1,PG,Moonstruck,15000000.0,102,Metro-Goldwyn-Mayer,80640528.0,80640528.0,Comedy,Drama,Romance,5.3760352,5.3760352,1980,1980s,Bajo (<50M)
1987,10,7.9,R,The Untouchables,25000000.0,119,Paramount Pictures,76270454.0,76270454.0,Crime,Drama,Thriller,3.05081816,3.05081816,1980,1980s,Bajo (<50M)
1986,1,6.9,PG,Top Gun,15000000.0,110,Paramount Pictures,353811728.0,176781728.0,Action,Drama,None,23.587448533333333,23.587448533333333,1980,1980s,Bajo (<50M)
1986,2,6.6,PG-13,Crocodile Dundee,8800000.0,97,Paramount Pictures,328203506.0,174803506.0,Action,Adventure,Comedy,37.29585295454545,37.29585295454545,1980,1980s,Bajo (<50M)
1986,3,8.1,R,Platoon,6000000.0,120,Orion Pictures,138545632.0,138530565.0,Drama,War,None,23.090938666666666,23.090938666666666,1980,1980s,Bajo (<50M)
1986,4,8.3,R,Aliens,18500000.0,137,Twentieth Century Fox,131060248.0,85160248.0,Action,Adventure,Sci-Fi,7.08433772972973,7.08433772972973,1980,1980s,Bajo (<50M)
1986,5,6.0,PG,The Karate Kid Part II,13500000.0,113,Columbia Pictures,115103979.0,115103979.0,Action,Family,Romance,8.526220666666667,8.526220666666667,1980,1980s,Bajo (<50M)
1986,6,7.3,PG,Star Trek IV: Voyage Home,25000000.0,119,Paramount Pictures,109713132.0,109713132.0,Adventure,Comedy,Sci-Fi,4.38852528,4.38852528,1980,1980s,Bajo (<50M)
1986,7,6.0,PG,Legal Eagles,40000000.0,116,Universal Pictures,93151591.0,49851591.0,Comedy,Crime,Romance,2.328789775,2.328789775,1980,1980s,Bajo (<50M)
1986,8,6.6,PG-13,Back to School,11000000.0,96,Orion Pictures,91258000.0,91258000.0,Comedy,Romance,Sport,8.296181818181818,8.296181818181818,1980,1980s,Bajo (<50M)
1986,9,6.9,G,An American Tail,9000000.0,80,Universal Pictures,84542002.0,47483002.0,Animation,Adventure,Comedy,9.393555777777777,9.393555777777777,1980,1980s,Bajo (<50M)
1986,10,6.0,PG-13,The Golden Child,25000000.0,94,Paramount Pictures,79817937.0,79817937.0,Action,Adventure,Comedy,3.19271748,3.19271748,1980,1980s,Bajo (<50M)
1985,1,8.5,PG,Back to the Future,19000000.0,116,Universal Pictures,381109762.0,210609762.0,Adventure,Comedy,Sci-Fi,20.05840852631579,20.05840852631579,1980,1980s,Bajo (<50M)
1985,2,6.9,PG,Rocky IV,30000000.0,91,United Artists,300473716.0,127873716.0,Drama,Sport,None,10.015790533333334,10.015790533333334,1980,1980s,Bajo (<50M)
1985,3,6.5,R,Rambo: First Blood II,44000000.0,96,TriStar Pictures,300400432.0,150415432.0,Action,Adventure,Thriller,6.827282545454546,6.827282545454546,1980,1980s,Bajo (<50M)
1985,4,7.2,PG,Out of Africa,31000000.0,161,Universal Pictures,227514205.0,87071205.0,Biography,Drama,Romance,7.339167903225807,7.339167903225807,1980,1980s,Bajo (<50M)
1985,5,6.1,PG,The Jewel of the Nile,25000000.0,106,Twentieth Century Fox,96773200.0,75973200.0,Action,Adventure,Comedy,3.870928,3.870928,1980,1980s,Bajo (<50M)
1985,6,7.8,PG-13,The Color Purple,15000000.0,154,Warner Bros.,94175854.0,94175854.0,Drama,None,None,6.278390266666666,6.278390266666666,1980,1980s,Bajo (<50M)
1985,7,6.7,PG-13,Cocoon,17500000.0,117,Twentieth Century Fox,85313124.0,76113124.0,Comedy,Drama,Sci-Fi,4.875035657142857,4.875035657142857,1980,1980s,Bajo (<50M)
1985,8,7.4,R,Witness,12000000.0,112,Paramount Pictures,68706993.0,68706993.0,Crime,Drama,Romance,5.72558275,5.72558275,1980,1980s,Bajo (<50M)
1985,9,7.8,PG,The Goonies,19000000.0,114,Warner Bros.,61389680.0,61389680.0,Adventure,Comedy,Family,3.231035789473684,3.231035789473684,1980,1980s,Bajo (<50M)
1985,10,7.8,PG,E.T. the Extra-Terrestrial 1985 Re-release,10500000.0,115,Universal Pictures,60903502.0,40607502.0,Family,Sci-Fi,None,5.800333523809524,5.800333523809524,1980,1980s,Bajo (<50M)
1984,1,7.6,PG,Indiana Jones and the Temple of Doom,28000000.0,118,Paramount Pictures,333107271.0,179870271.0,Action,Adventure,None,11.89668825,11.89668825,1980,1980s,Bajo (<50M)
1984,2,7.3,R,Beverly Hills Cop ,14000000.0,105,Paramount Pictures,316360478.0,234760478.0,Action,Comedy,Crime,22.597177,22.597177,1980,1980s,Bajo (<50M)
1984,3,7.8,PG,Ghostbusters ,30000000.0,105,Columbia Pictures,282242989.0,229242989.0,Action,Comedy,Fantasy,9.408099633333334,9.408099633333334,1980,1980s,Bajo (<50M)
1984,4,7.3,PG,Gremlins,11000000.0,106,Warner Bros.,148168459.0,148168459.0,Comedy,Fantasy,Horror,13.469859909090909,13.469859909090909,1980,1980s,Bajo (<50M)
1984,5,7.2,PG,The Karate Kid ,8000000.0,126,Columbia Pictures,90815558.0,90815558.0,Action,Drama,Family,11.35194475,11.35194475,1980,1980s,Bajo (<50M)
1984,6,6.9,PG,Romancing the Stone,10000000.0,106,Twentieth Century Fox,86572238.0,76572238.0,Action,Adventure,Comedy,8.6572238,8.6572238,1980,1980s,Bajo (<50M)
1984,7,6.7,R,Police Academy,4500000.0,96,Warner Bros.,81198894.0,81198894.0,Comedy,None,None,18.044198666666666,18.044198666666666,1980,1980s,Bajo (<50M)
1984,8,6.6,PG,Footloose,8200000.0,107,Paramount Pictures,80035402.0,80035402.0,Drama,Music ,Romance,9.760414878048781,9.760414878048781,1980,1980s,Bajo (<50M)
1984,9,8.0,R,The Terminator,6400000.0,107,Orion Pictures,78371200.0,38371200.0,Action,Sci-Fi,None,12.2455,12.2455,1980,1980s,Bajo (<50M)
1984,10,6.7,PG,Star Trek III: The Search for Spock,17000000.0,105,Paramount Pictures,76471046.0,76471046.0,Action,Adventure,Sci-Fi,4.498296823529412,4.498296823529412,1980,1980s,Bajo (<50M)
1983,1,7.0,PG,Star Wars: Episode VI - Return of the Jedi,32500000.0,131,Twentieth Century Fox,374593074.0,252583617.0,Action,Adventure,Fantasy,11.52594073846154,11.52594073846154,1980,1980s,Bajo (<50M)
1983,2,7.4,PG,Terms of Endearment,8000000.0,132,Paramount Pictures,108423489.0,108423489.0,Comedy,Drama,None,13.552936125,13.552936125,1980,1980s,Bajo (<50M)
1983,3,6.2,R,Flashdance,4000000.0,95,Paramount Pictures,92921203.0,92921203.0,Drama,Music ,Romance,23.23030075,23.23030075,1980,1980s,Bajo (<50M)
1983,4,7.5,R,Trading Places,15000000.0,116,Paramount Pictures,90404800.0,90404800.0,Comedy,None,None,6.026986666666667,6.026986666666667,1980,1980s,Bajo (<50M)
1983,5,3.7,PG,Jaws 3-D,20500000.0,99,Universal Pictures,87987055.0,45517055.0,Adventure,Horror,Thriller,4.2920514634146345,4.2920514634146345,1980,1980s,Bajo (<50M)
1983,6,7.1,PG,WarGames,12000000.0,114,Metro-Goldwyn-Mayer,79567667.0,79567667.0,Sci-Fi,Thriller,None,6.630638916666666,6.630638916666666,1980,1980s,Bajo (<50M)
1983,7,6.6,PG,Octopussy,27500000.0,131,Metro-Goldwyn-Mayer,67893619.0,67893619.0,Action,Adventure,Thriller,2.4688588727272727,2.4688588727272727,1980,1980s,Bajo (<50M)
1983,8,6.6,R,Sudden Impact,22000000.0,117,Warner Bros.,67642693.0,67642693.0,Action,Crime,Thriller,3.0746678636363636,3.0746678636363636,1980,1980s,Bajo (<50M)
1983,9,8.3,R,Scarface,25000000.0,170,Universal Pictures,65144798.0,44668798.0,Crime,Drama,None,2.60579192,2.60579192,1980,1980s,Bajo (<50M)
1983,10,4.6,PG,Staying Alive,22000000.0,93,Paramount Pictures,64892670.0,64892670.0,Drama,Music ,Romance,2.949666818181818,2.949666818181818,1980,1980s,Bajo (<50M)
1982,1,7.8,PG,E.T. the Extra-Terrestrial  ,10500000.0,115,Universal Pictures,663400925.0,359197037.0,Family,Sci-Fi,None,63.181040476190475,63.181040476190475,1980,1980s,Bajo (<50M)
1982,2,7.4,PG,Tootsie,21000000.0,116,Columbia Pictures,177200000.0,177200000.0,Comedy,Drama,Romance,8.438095238095238,8.438095238095238,1980,1980s,Bajo (<50M)
1982,3,7.0,R,An Officer and a Gentleman,7500000.0,124,Paramount Pictures,129795554.0,129795554.0,Drama,Romance,None,17.306073866666665,17.306073866666665,1980,1980s,Bajo (<50M)
1982,4,7.7,R,First Blood,15000000.0,93,Orion Pictures,125212904.0,47212904.0,Action,Adventure,None,8.347526933333333,8.347526933333333,1980,1980s,Bajo (<50M)
1982,5,6.8,PG,Rocky III,17000000.0,99,United Artists,124146897.0,124146897.0,Drama,Sport,None,7.302758647058823,7.302758647058823,1980,1980s,Bajo (<50M)
1982,6,7.3,PG,Poltergeist,10700000.0,114,Metro-Goldwyn-Mayer,123606280.0,76606280.0,Horror,Thriller,None,11.55198878504673,11.55198878504673,1980,1980s,Bajo (<50M)
1982,7,6.2,R,Porky's,2500000.0,94,Twentieth Century Fox,105492483.0,105492483.0,Comedy,None,None,42.1969932,42.1969932,1980,1980s,Bajo (<50M)
1982,8,7.7,PG,Star Trek II: The Wrath of Khan,11200000.0,113,Paramount Pictures,78912963.0,78912963.0,Action,Adventure,Sci-Fi,7.0458002678571425,7.0458002678571425,1980,1980s,Bajo (<50M)
1982,9,6.9,R,48 Hrs.,12000000.0,96,Paramount Pictures,78868508.0,78868508.0,Action,Comedy,Crime,6.572375666666667,6.572375666666667,1980,1980s,Bajo (<50M)
1982,10,5.9,R,The Best Little Whorehouse in Texas,35000000.0,114,Universal Pictures,69701637.0,69701637.0,Comedy,Musical,None,1.9914753428571428,1.9914753428571428,1980,1980s,Bajo (<50M)
1981,1,8.4,PG,Raiders of the Lost Ark,18000000.0,115,Paramount Pictures,353988025.0,212222025.0,Action,Adventure,None,19.66600138888889,19.66600138888889,1980,1980s,Bajo (<50M)
1981,2,7.6,PG,On Golden Pond,7500000.0,109,Universal Pictures,119285432.0,119285432.0,Drama,None,None,15.904724266666667,15.904724266666667,1980,1980s,Bajo (<50M)
1981,3,6.8,PG,Superman II,54000000.0,127,Warner Bros.,108185706.0,108185706.0,Action,Adventure,Sci-Fi,2.003439,2.003439,1980,1980s,Medio (50-100M)
1981,4,6.9,PG,Arthur,7000000.0,97,Warner Bros.,95461682.0,95461682.0,Comedy,Romance,None,13.637383142857143,13.637383142857143,1980,1980s,Bajo (<50M)
1981,5,6.9,R,Stripes,10000000.0,106,Columbia Pictures,85297000.0,85297000.0,Comedy,War,None,8.5297,8.5297,1980,1980s,Bajo (<50M)
1981,6,6.3,PG,The Cannonball Run,18000000.0,95,Twentieth Century Fox,72179579.0,72179579.0,Action,Comedy,Sport,4.009976611111111,4.009976611111111,1980,1980s,Bajo (<50M)
1981,7,7.2,PG,Chariots of Fire,5500000.0,125,Columbia Pictures,58972904.0,58972904.0,Biography,Drama,Sport,10.722346181818182,10.722346181818182,1980,1980s,Bajo (<50M)
1981,8,6.8,PG,For Your Eyes Only,28000000.0,127,Metro-Goldwyn-Mayer,54812802.0,54812802.0,Action,Adventure,Thriller,1.9576000714285715,1.9576000714285715,1980,1980s,Bajo (<50M)
1981,9,6.9,PG,The Four Seasons,6500000.0,107,Universal Pictures,50427646.0,50427646.0,Comedy,Drama,None,7.7580993846153845,7.7580993846153845,1980,1980s,Bajo (<50M)
1981,10,7.0,PG,Time Bandits,5000000.0,116,Embassy Pictures,42365581.0,42365581.0,Adventure,Comedy,Fantasy,8.4731162,8.4731162,1980,1980s,Bajo (<50M)
1980,1,8.7,PG,Star Wars: Episode V - The Empire Strikes Back,18000000.0,124,Twentieth Century Fox,400083259.0,209398025.0,Action,Adventure,Fantasy,22.22684772222222,22.22684772222222,1980,1980s,Bajo (<50M)
1980,2,7.9,R,The Blues Brothers,27000000.0,133,Universal Pictures,115229890.0,57229890.0,Adventure,Comedy,Crime,4.267773703703703,4.267773703703703,1980,1980s,Bajo (<50M)
1980,3,6.8,PG,9 to 5,10000000.0,109,Twentieth Century Fox,103290500.0,103290500.0,Comedy,None,None,10.32905,10.32905,1980,1980s,Bajo (<50M)
1980,4,6.8,R,Stir Crazy,10000000.0,111,Columbia Pictures,101300000.0,101300000.0,Comedy,Crime,None,10.13,10.13,1980,1980s,Bajo (<50M)
1980,5,7.7,PG,Airplane!,3500000.0,88,Paramount Pictures,83453539.0,83453539.0,Comedy,None,None,23.843868285714287,23.843868285714287,1980,1980s,Bajo (<50M)
1980,6,6.2,PG,Any Which Way You Can,15000000.0,116,Warner Bros.,70687344.0,70687344.0,Action,Comedy,None,4.7124896,4.7124896,1980,1980s,Bajo (<50M)
1980,7,6.2,R,Private Benjamin,10000000.0,109,Warner Bros.,69847348.0,69847348.0,Comedy,War,None,6.9847348,6.9847348,1980,1980s,Bajo (<50M)
1980,8,7.5,PG,Coal Miner's Daughter,15000000.0,124,Universal Pictures,67182787.0,67182787.0,Biography,Drama,Music,4.478852466666667,4.478852466666667,1980,1980s,Bajo (<50M)
1980,9,5.3,PG,Smokey and the Bandit II,17000000.0,100,Universal Pictures,66132626.0,66132626.0,Action,Comedy,None,3.8901544705882354,3.8901544705882354,1980,1980s,Bajo (<50M)
1980,10,5.8,R,The Blue Lagoon,4500000.0,104,Columbia Pictures,58853106.0,58853106.0,Adventure,Drama,Romance,13.078468,13.078468,1980,1980s,Bajo (<50M)
1979,1,6.3,PG,Moonraker,34000000.0,126,Metro-Goldwyn-Mayer,210308099.0,70308099.0,Action,Adventure,Sci-Fi,6.1855323235294115,6.1855323235294115,1970,1970s,Bajo (<50M)
1979,2,7.8,PG,Kramer vs. Kramer,8000000.0,105,Columbia Pictures,106260000.0,106260000.0,Drama,None,None,13.2825,13.2825,1970,1970s,Bajo (<50M)
1979,3,8.4,R,Alien,11000000.0,117,Twentieth Century Fox,101718022.0,78944891.0,Horror,Sci-Fi,None,9.24709290909091,9.24709290909091,1970,1970s,Bajo (<50M)
1979,4,5.8,PG,1941,35000000.0,118,Universal Pictures,92455742.0,31755742.0,Action,Comedy,War,2.6415926285714284,2.6415926285714284,1970,1970s,Bajo (<50M)
1979,5,6.2,R,The Amityville Horror,4700000.0,117,American International Pictures,86432000.0,86432000.0,Horror,None,None,18.389787234042554,18.389787234042554,1970,1970s,Bajo (<50M)
1979,6,7.3,PG,Rocky II,7000000.0,119,United Artists,85182160.0,85182160.0,Drama,Sport,None,12.16888,12.16888,1970,1970s,Bajo (<50M)
1979,7,6.4,G,Star Trek: The Motion Picture,35000000.0,132,Paramount Pictures,82258456.0,82258456.0,Adventure,Mystery,Sci-Fi,2.3502416,2.3502416,1970,1970s,Bajo (<50M)
1979,8,8.4,R,Apocalypse Now,31500000.0,147,Metro-Goldwyn-Mayer,78784010.0,78784010.0,Drama,Mystery,War,2.5010796825396824,2.5010796825396824,1970,1970s,Bajo (<50M)
1979,9,6.1,R,10,7000000.0,122,Warner Bros.,74865517.0,74865517.0,Comedy,Romance,None,10.695073857142857,10.695073857142857,1970,1970s,Bajo (<50M)
1979,10,7.2,R,The Jerk,4000000.0,94,Universal Pictures,73691419.0,73691419.0,Comedy,None,None,18.42285475,18.42285475,1970,1970s,Bajo (<50M)
1978,1,7.2,PG-13,Grease,6000000.0,110,Paramount Pictures,366178870.0,159978870.0,Musical ,Romance,None,61.02981166666667,61.02981166666667,1970,1970s,Bajo (<50M)
1978,2,7.3,PG,Superman,55000000.0,143,Warner Bros.,300218018.0,134218018.0,Action,Adventure,Drama,5.458509418181818,5.458509418181818,1970,1970s,Medio (50-100M)
1978,3,5.8,PG,Jaws 2,20000000.0,116,Universal Pictures,183855272.0,77737272.0,Adventure,Drama,Horror,9.1927636,9.1927636,1970,1970s,Bajo (<50M)
1978,4,7.5,R,National Lampoon's Animal House,3000000.0,109,Universal Pictures,120091123.0,120091123.0,Comedy,None,None,40.030374333333334,40.030374333333334,1970,1970s,Bajo (<50M)
1978,5,6.4,PG,Every Which Way But Loose,5000000.0,114,Warner Bros.,85196485.0,85196485.0,Action,Comedy,None,17.039297,17.039297,1970,1970s,Bajo (<50M)
1978,6,6.9,PG,Heaven Can Wait,15000000.0,101,Paramount Pictures,81640278.0,81640278.0,Comedy,Fantasy,Romance,5.4426852,5.4426852,1970,1970s,Bajo (<50M)
1978,7,6.3,PG,Hooper,6000000.0,99,Warner Bros.,78000000.0,78000000.0,Action,Comedy,None,13.0,13.0,1970,1970s,Bajo (<50M)
1978,8,6.7,PG,Revenge of the Pink Panther,12000000.0,99,United Artists,49579269.0,49579269.0,Comedy,Crime,Mystery,4.13160575,4.13160575,1970,1970s,Bajo (<50M)
1978,9,8.1,R,The Deer Hunter,15000000.0,183,Universal Pictures,48991826.0,48979328.0,Drama,War,None,3.266121733333333,3.266121733333333,1970,1970s,Bajo (<50M)
1978,10,7.8,R,Halloween,325000.0,91,Compass International Pictures,47000000.0,47000000.0,Horror,Thriller,None,144.6153846153846,144.6153846153846,1970,1970s,Bajo (<50M)
1977,1,8.6,PG,Star Wars: Episode IV - A New Hope,11000000.0,121,Twentieth Century Fox,503015849.0,307263857.0,Action,Adventure,Fantasy,45.728713545454546,45.728713545454546,1970,1970s,Bajo (<50M)
1977,2,7.6,PG,Close Encounters of the Third Kind,20000000.0,138,Columbia Pictures,288095460.0,116395460.0,Drama,Sci-Fi,None,14.404773,14.404773,1970,1970s,Bajo (<50M)
1977,3,6.8,R,Saturday Night Fever,3000000.0,118,Paramount Pictures,237113184.0,94213184.0,Drama,Music,None,79.037728,79.037728,1970,1970s,Bajo (<50M)
1977,4,7.0,PG,Smokey and the Bandit ,4300000.0,96,Universal Pictures,126737428.0,126737428.0,Action,Comedy,None,29.47382046511628,29.47382046511628,1970,1970s,Bajo (<50M)
1977,5,7.4,PG,A Bridge Too Far,27000000.0,175,United Artists,50750000.0,50750000.0,Drama,History,War,1.8796296296296295,1.8796296296296295,1970,1970s,Bajo (<50M)
1977,6,6.2,PG,The Deep,9000000.0,123,Columbia Pictures,47346365.0,47346365.0,Adventure,Mystery,Thriller,5.260707222222222,5.260707222222222,1970,1970s,Bajo (<50M)
1977,7,7.1,PG,The Spy Who Loved Me,14000000.0,125,United Artists,46838673.0,46838673.0,Action,Adventure,Thriller,3.3456195,3.3456195,1970,1970s,Bajo (<50M)
1977,8,6.6,PG,"Oh, God!",2100000.0,98,Warner Bros.,41687243.0,41687243.0,Comedy,Fantasy,None,19.851068095238094,19.851068095238094,1970,1970s,Bajo (<50M)
1977,9,8.0,PG,Annie Hall,4000000.0,93,United Artists,38251425.0,38251425.0,Comedy,Romance,None,9.56285625,9.56285625,1970,1970s,Bajo (<50M)
1977,10,5.9,R,Semi-Tough,5700000.0,108,United Artists,37187139.0,37187139.0,Comedy,Romance,Sport,6.52405947368421,6.52405947368421,1970,1970s,Bajo (<50M)
